"municipality_name_fi";"municipality_name_sv";"municipality_code";"region_name_fi";"region_name_sv"
"Espoo";"Esbo";"049";"Uusimaa";"Nyland"
"Hanko";"Hangö";"078";"Uusimaa";"Nyland"
"Helsinki";"Helsingfors";"091";"Uusimaa";"Nyland"
"Hyvinkää";"Hyvinge";"106";"Uusimaa";"Nyland"
"Inkoo";"Ingå";"149";"Uusimaa";"Nyland"
"Järvenpää";"Träskända";"186";"Uusimaa";"Nyland"
"Karjaa";"Karis";"220";"Uusimaa";"Nyland"
"Karjalohja";"Karislojo";"223";"Uusimaa";"Nyland"
"Karkkila";"Högfors";"224";"Uusimaa";"Nyland"
"Kauniainen";"Grankulla";"235";"Uusimaa";"Nyland"
"Kerava";"Kervo";"245";"Uusimaa";"Nyland"
"Kirkkonummi";"Kyrkslätt";"257";"Uusimaa";"Nyland"
"Lohja";"Lojo";"444";"Uusimaa";"Nyland"
"Mäntsälä";"";"505";"Uusimaa";"Nyland"
"Nummi-Pusula";"";"540";"Uusimaa";"Nyland"
"Nurmijärvi";"";"543";"Uusimaa";"Nyland"
"Pohja";"Pojo";"606";"Uusimaa";"Nyland"
"Pornainen";"Borgnäs";"611";"Uusimaa";"Nyland"
"Sammatti";"";"737";"Uusimaa";"Nyland"
"Siuntio";"Sjundeå";"755";"Uusimaa";"Nyland"
"Tammisaari";"Ekenäs";"835";"Uusimaa";"Nyland"
"Tuusula";"Tusby";"858";"Uusimaa";"Nyland"
"Vantaa";"Vanda";"092";"Uusimaa";"Nyland"
"Vihti";"Vichtis";"927";"Uusimaa";"Nyland"
"Askola";"";"018";"Itä-Uusimaa";"Östra Nyland"
"Lapinjärvi";"Lappträsk";"407";"Itä-Uusimaa";"Östra Nyland"
"Liljendal";"Liljendal";"424";"Itä-Uusimaa";"Östra Nyland"
"Loviisa";"Lovisa";"434";"Itä-Uusimaa";"Östra Nyland"
"Myrskylä";"Mörskom";"504";"Itä-Uusimaa";"Östra Nyland"
"Pernaja";"Perna";"585";"Itä-Uusimaa";"Östra Nyland"
"Porvoo";"Borgå";"638";"Itä-Uusimaa";"Östra Nyland"
"Pukkila";"";"616";"Itä-Uusimaa";"Östra Nyland"
"Ruotsinpyhtää";"Strömfors";"701";"Itä-Uusimaa";"Östra Nyland"
"Sipoo";"Sibbo";"753";"Itä-Uusimaa";"Östra Nyland"
"Alastaro";"";"006";"Varsinais-Suomi";"Egentliga Finland"
"Askainen";"Villnäs";"017";"Varsinais-Suomi";"Egentliga Finland"
"Aura";"";"019";"Varsinais-Suomi";"Egentliga Finland"
"Dragsfjärd";"";"040";"Varsinais-Suomi";"Egentliga Finland"
"Halikko";"";"073";"Varsinais-Suomi";"Egentliga Finland"
"Houtskari";"Houtskär";"101";"Varsinais-Suomi";"Egentliga Finland"
"Iniö";"";"150";"Varsinais-Suomi";"Egentliga Finland"
"Kaarina";"S:t Karins";"202";"Varsinais-Suomi";"Egentliga Finland"
"Kemiö";"Kimito";"243";"Varsinais-Suomi";"Egentliga Finland"
"Kiikala";"";"252";"Varsinais-Suomi";"Egentliga Finland"
"Kisko";"";"259";"Varsinais-Suomi";"Egentliga Finland"
"Korppoo";"Korpo";"279";"Varsinais-Suomi";"Egentliga Finland"
"Koski Tl";"";"284";"Varsinais-Suomi";"Egentliga Finland"
"Kustavi";"Gustavs";"304";"Varsinais-Suomi";"Egentliga Finland"
"Kuusjoki";"";"308";"Varsinais-Suomi";"Egentliga Finland"
"Laitila";"";"400";"Varsinais-Suomi";"Egentliga Finland"
"Lemu";"";"419";"Varsinais-Suomi";"Egentliga Finland"
"Lieto";"Lundo";"423";"Varsinais-Suomi";"Egentliga Finland"
"Loimaa";"";"430";"Varsinais-Suomi";"Egentliga Finland"
"Marttila";"";"480";"Varsinais-Suomi";"Egentliga Finland"
"Masku";"";"481";"Varsinais-Suomi";"Egentliga Finland"
"Mellilä";"";"482";"Varsinais-Suomi";"Egentliga Finland"
"Merimasku";"";"485";"Varsinais-Suomi";"Egentliga Finland"
"Mietoinen";"";"490";"Varsinais-Suomi";"Egentliga Finland"
"Muurla";"";"501";"Varsinais-Suomi";"Egentliga Finland"
"Mynämäki";"";"503";"Varsinais-Suomi";"Egentliga Finland"
"Naantali";"Nådendal";"529";"Varsinais-Suomi";"Egentliga Finland"
"Nauvo";"Nagu";"533";"Varsinais-Suomi";"Egentliga Finland"
"Nousiainen";"Nousis";"538";"Varsinais-Suomi";"Egentliga Finland"
"Oripää";"";"561";"Varsinais-Suomi";"Egentliga Finland"
"Paimio";"Pemar";"577";"Varsinais-Suomi";"Egentliga Finland"
"Parainen";"Pargas";"573";"Varsinais-Suomi";"Egentliga Finland"
"Perniö";"Bjärnå";"586";"Varsinais-Suomi";"Egentliga Finland"
"Pertteli";"";"587";"Varsinais-Suomi";"Egentliga Finland"
"Piikkiö";"Pikis";"602";"Varsinais-Suomi";"Egentliga Finland"
"Pyhäranta";"";"631";"Varsinais-Suomi";"Egentliga Finland"
"Pöytyä";"";"636";"Varsinais-Suomi";"Egentliga Finland"
"Raisio";"Reso";"680";"Varsinais-Suomi";"Egentliga Finland"
"Rusko";"";"704";"Varsinais-Suomi";"Egentliga Finland"
"Rymättylä";"Rimito";"705";"Varsinais-Suomi";"Egentliga Finland"
"Salo";"";"734";"Varsinais-Suomi";"Egentliga Finland"
"Sauvo";"Sagu";"738";"Varsinais-Suomi";"Egentliga Finland"
"Somero";"";"761";"Varsinais-Suomi";"Egentliga Finland"
"Suomusjärvi";"";"776";"Varsinais-Suomi";"Egentliga Finland"
"Särkisalo";"Finby";"784";"Varsinais-Suomi";"Egentliga Finland"
"Taivassalo";"Tövsala";"833";"Varsinais-Suomi";"Egentliga Finland"
"Tarvasjoki";"";"838";"Varsinais-Suomi";"Egentliga Finland"
"Turku";"Åbo";"853";"Varsinais-Suomi";"Egentliga Finland"
"Uusikaupunki";"Nystad";"895";"Varsinais-Suomi";"Egentliga Finland"
"Vahto";"";"906";"Varsinais-Suomi";"Egentliga Finland"
"Vehmaa";"";"918";"Varsinais-Suomi";"Egentliga Finland"
"Velkua";"";"920";"Varsinais-Suomi";"Egentliga Finland"
"Västanfjärd";"";"923";"Varsinais-Suomi";"Egentliga Finland"
"Yläne";"";"979";"Varsinais-Suomi";"Egentliga Finland"
"Eura";"";"050";"Satakunta";"Satakunta"
"Eurajoki";"Euraåminne";"051";"Satakunta";"Satakunta"
"Harjavalta";"";"079";"Satakunta";"Satakunta"
"Honkajoki";"";"099";"Satakunta";"Satakunta"
"Huittinen";"";"102";"Satakunta";"Satakunta"
"Jämijärvi";"";"181";"Satakunta";"Satakunta"
"Kankaanpää";"";"214";"Satakunta";"Satakunta"
"Karvia";"";"230";"Satakunta";"Satakunta"
"Kiikoinen";"";"254";"Satakunta";"Satakunta"
"Kiukainen";"";"262";"Satakunta";"Satakunta"
"Kodisjoki";"";"266";"Satakunta";"Satakunta"
"Kokemäki";"Kumo";"271";"Satakunta";"Satakunta"
"Köyliö";"Kjulo";"319";"Satakunta";"Satakunta"
"Lappi";"";"406";"Satakunta";"Satakunta"
"Lavia";"";"413";"Satakunta";"Satakunta"
"Luvia";"";"442";"Satakunta";"Satakunta"
"Merikarvia";"Sastmola";"484";"Satakunta";"Satakunta"
"Nakkila";"";"531";"Satakunta";"Satakunta"
"Noormarkku";"Norrmark";"537";"Satakunta";"Satakunta"
"Pomarkku";"Påmark";"608";"Satakunta";"Satakunta"
"Pori";"Björneborg";"609";"Satakunta";"Satakunta"
"Punkalaidun";"";"619";"Pirkanmaa";"Birkaland"
"Rauma";"Raumo";"684";"Satakunta";"Satakunta"
"Siikainen";"";"747";"Satakunta";"Satakunta"
"Säkylä";"";"783";"Satakunta";"Satakunta"
"Ulvila";"Ulvsby";"886";"Satakunta";"Satakunta"
"Vampula";"";"913";"Satakunta";"Satakunta"
"Forssa";"";"061";"Kanta-Häme";"Egentliga Tavastland"
"Hattula";"";"082";"Kanta-Häme";"Egentliga Tavastland"
"Hauho";"";"083";"Kanta-Häme";"Egentliga Tavastland"
"Hausjärvi";"";"086";"Kanta-Häme";"Egentliga Tavastland"
"Humppila";"";"103";"Kanta-Häme";"Egentliga Tavastland"
"Hämeenlinna";"Tavastehus";"109";"Kanta-Häme";"Egentliga Tavastland"
"Janakkala";"";"165";"Kanta-Häme";"Egentliga Tavastland"
"Jokioinen";"Jockis";"169";"Kanta-Häme";"Egentliga Tavastland"
"Kalvola";"";"210";"Kanta-Häme";"Egentliga Tavastland"
"Lammi";"";"401";"Kanta-Häme";"Egentliga Tavastland"
"Loppi";"";"433";"Kanta-Häme";"Egentliga Tavastland"
"Renko";"";"692";"Kanta-Häme";"Egentliga Tavastland"
"Riihimäki";"";"694";"Kanta-Häme";"Egentliga Tavastland"
"Tammela";"";"834";"Kanta-Häme";"Egentliga Tavastland"
"Tuulos";"";"855";"Kanta-Häme";"Egentliga Tavastland"
"Ypäjä";"";"981";"Kanta-Häme";"Egentliga Tavastland"
"Hämeenkyrö";"Tavastkyrö";"108";"Pirkanmaa";"Birkaland"
"Ikaalinen";"Ikalis";"143";"Pirkanmaa";"Birkaland"
"Juupajoki";"";"177";"Pirkanmaa";"Birkaland"
"Kangasala";"";"211";"Pirkanmaa";"Birkaland"
"Kihniö";"";"250";"Pirkanmaa";"Birkaland"
"Kuhmalahti";"";"289";"Pirkanmaa";"Birkaland"
"Kuru";"";"303";"Pirkanmaa";"Birkaland"
"Kylmäkoski";"";"310";"Pirkanmaa";"Birkaland"
"Lempäälä";"";"418";"Pirkanmaa";"Birkaland"
"Luopioinen";"";"439";"Pirkanmaa";"Birkaland"
"Längelmäki";"";"443";"Pirkanmaa";"Birkaland"
"Mouhijärvi";"";"493";"Pirkanmaa";"Birkaland"
"Mänttä";"";"506";"Pirkanmaa";"Birkaland"
"Nokia";"";"536";"Pirkanmaa";"Birkaland"
"Orivesi";"";"562";"Pirkanmaa";"Birkaland"
"Parkano";"";"581";"Pirkanmaa";"Birkaland"
"Pirkkala";"Birkala";"604";"Pirkanmaa";"Birkaland"
"Pälkäne";"";"635";"Pirkanmaa";"Birkaland"
"Ruovesi";"";"702";"Pirkanmaa";"Birkaland"
"Suodenniemi";"";"772";"Pirkanmaa";"Birkaland"
"Tampere";"Tammerfors";"837";"Pirkanmaa";"Birkaland"
"Toijala";"";"864";"Pirkanmaa";"Birkaland"
"Urjala";"";"887";"Pirkanmaa";"Birkaland"
"Valkeakoski";"";"908";"Pirkanmaa";"Birkaland"
"Vammala";"";"912";"Pirkanmaa";"Birkaland"
"Vesilahti";"";"922";"Pirkanmaa";"Birkaland"
"Viiala";"";"928";"Pirkanmaa";"Birkaland"
"Viljakkala";"";"932";"Pirkanmaa";"Birkaland"
"Vilppula";"";"933";"Pirkanmaa";"Birkaland"
"Virrat";"Virdois";"936";"Pirkanmaa";"Birkaland"
"Ylöjärvi";"";"980";"Pirkanmaa";"Birkaland"
"Äetsä";"";"988";"Pirkanmaa";"Birkaland"
"Artjärvi";"Artsjö";"015";"Päijät-Häme";"Päijänne-Tavastland"
"Asikkala";"";"016";"Päijät-Häme";"Päijänne-Tavastland"
"Hartola";"";"081";"Päijät-Häme";"Päijänne-Tavastland"
"Heinola";"";"111";"Päijät-Häme";"Päijänne-Tavastland"
"Hollola";"";"098";"Päijät-Häme";"Päijänne-Tavastland"
"Hämeenkoski";"";"283";"Päijät-Häme";"Päijänne-Tavastland"
"Kärkölä";"";"316";"Päijät-Häme";"Päijänne-Tavastland"
"Lahti";"Lahtis";"398";"Päijät-Häme";"Päijänne-Tavastland"
"Nastola";"";"532";"Päijät-Häme";"Päijänne-Tavastland"
"Orimattila";"";"560";"Päijät-Häme";"Päijänne-Tavastland"
"Padasjoki";"";"576";"Päijät-Häme";"Päijänne-Tavastland"
"Sysmä";"";"781";"Päijät-Häme";"Päijänne-Tavastland"
"Anjalankoski";"";"754";"Kymenlaakso";"Kymmenedalen"
"Elimäki";"";"044";"Kymenlaakso";"Kymmenedalen"
"Hamina";"Fredrikshamn";"075";"Kymenlaakso";"Kymmenedalen"
"Iitti";"";"142";"Kymenlaakso";"Kymmenedalen"
"Jaala";"";"163";"Kymenlaakso";"Kymmenedalen"
"Kotka";"";"285";"Kymenlaakso";"Kymmenedalen"
"Kouvola";"";"286";"Kymenlaakso";"Kymmenedalen"
"Kuusankoski";"";"306";"Kymenlaakso";"Kymmenedalen"
"Miehikkälä";"";"489";"Kymenlaakso";"Kymmenedalen"
"Pyhtää";"Pyttis";"624";"Kymenlaakso";"Kymmenedalen"
"Valkeala";"";"909";"Kymenlaakso";"Kymmenedalen"
"Virolahti";"";"935";"Kymenlaakso";"Kymmenedalen"
"Imatra";"";"153";"Etelä-Karjala";"Södra Karelen"
"Joutseno";"";"173";"Etelä-Karjala";"Södra Karelen"
"Lappeenranta";"Villmanstrand";"405";"Etelä-Karjala";"Södra Karelen"
"Lemi";"";"416";"Etelä-Karjala";"Södra Karelen"
"Luumäki";"";"441";"Etelä-Karjala";"Södra Karelen"
"Parikkala";"";"580";"Etelä-Karjala";"Södra Karelen"
"Rautjärvi";"";"689";"Etelä-Karjala";"Södra Karelen"
"Ruokolahti";"";"700";"Etelä-Karjala";"Södra Karelen"
"Savitaipale";"";"739";"Etelä-Karjala";"Södra Karelen"
"Suomenniemi";"";"775";"Etelä-Karjala";"Södra Karelen"
"Taipalsaari";"";"831";"Etelä-Karjala";"Södra Karelen"
"Ylämaa";"";"978";"Etelä-Karjala";"Södra Karelen"
"Enonkoski";"";"046";"Etelä-Savo";"Södra Savolax"
"Haukivuori";"";"085";"Etelä-Savo";"Södra Savolax"
"Heinävesi";"";"090";"Etelä-Savo";"Södra Savolax"
"Hirvensalmi";"";"097";"Etelä-Savo";"Södra Savolax"
"Joroinen";"Jorois";"171";"Etelä-Savo";"Södra Savolax"
"Juva";"";"178";"Etelä-Savo";"Södra Savolax"
"Kangasniemi";"";"213";"Etelä-Savo";"Södra Savolax"
"Kerimäki";"";"246";"Etelä-Savo";"Södra Savolax"
"Mikkeli";"S:t Michel";"491";"Etelä-Savo";"Södra Savolax"
"Mäntyharju";"";"507";"Etelä-Savo";"Södra Savolax"
"Pertunmaa";"";"588";"Etelä-Savo";"Södra Savolax"
"Pieksänmaa";"";"640";"Etelä-Savo";"Södra Savolax"
"Pieksämäki";"";"593";"Etelä-Savo";"Södra Savolax"
"Punkaharju";"";"618";"Etelä-Savo";"Södra Savolax"
"Puumala";"";"623";"Etelä-Savo";"Södra Savolax"
"Rantasalmi";"";"681";"Etelä-Savo";"Södra Savolax"
"Ristiina";"";"696";"Etelä-Savo";"Södra Savolax"
"Savonlinna";"Nyslott";"740";"Etelä-Savo";"Södra Savolax"
"Savonranta";"";"741";"Etelä-Savo";"Södra Savolax"
"Sulkava";"";"768";"Etelä-Savo";"Södra Savolax"
"Iisalmi";"Idensalmi";"140";"Pohjois-Savo";"Norra Savolax"
"Juankoski";"";"174";"Pohjois-Savo";"Norra Savolax"
"Kaavi";"";"204";"Pohjois-Savo";"Norra Savolax"
"Karttula";"";"227";"Pohjois-Savo";"Norra Savolax"
"Keitele";"";"239";"Pohjois-Savo";"Norra Savolax"
"Kiuruvesi";"";"263";"Pohjois-Savo";"Norra Savolax"
"Kuopio";"";"297";"Pohjois-Savo";"Norra Savolax"
"Lapinlahti";"";"402";"Pohjois-Savo";"Norra Savolax"
"Leppävirta";"";"420";"Pohjois-Savo";"Norra Savolax"
"Maaninka";"";"476";"Pohjois-Savo";"Norra Savolax"
"Nilsiä";"";"534";"Pohjois-Savo";"Norra Savolax"
"Pielavesi";"";"595";"Pohjois-Savo";"Norra Savolax"
"Rautalampi";"";"686";"Pohjois-Savo";"Norra Savolax"
"Rautavaara";"";"687";"Pohjois-Savo";"Norra Savolax"
"Siilinjärvi";"";"749";"Pohjois-Savo";"Norra Savolax"
"Sonkajärvi";"";"762";"Pohjois-Savo";"Norra Savolax"
"Suonenjoki";"";"778";"Pohjois-Savo";"Norra Savolax"
"Tervo";"";"844";"Pohjois-Savo";"Norra Savolax"
"Tuusniemi";"";"857";"Pohjois-Savo";"Norra Savolax"
"Varkaus";"";"915";"Pohjois-Savo";"Norra Savolax"
"Varpaisjärvi";"";"916";"Pohjois-Savo";"Norra Savolax"
"Vesanto";"";"921";"Pohjois-Savo";"Norra Savolax"
"Vieremä";"";"925";"Pohjois-Savo";"Norra Savolax"
"Eno";"";"045";"Pohjois-Karjala";"Norra Karelen"
"Ilomantsi";"Ilomants";"146";"Pohjois-Karjala";"Norra Karelen"
"Joensuu";"";"167";"Pohjois-Karjala";"Norra Karelen"
"Juuka";"";"176";"Pohjois-Karjala";"Norra Karelen"
"Kesälahti";"";"248";"Pohjois-Karjala";"Norra Karelen"
"Kitee";"";"260";"Pohjois-Karjala";"Norra Karelen"
"Kontiolahti";"";"276";"Pohjois-Karjala";"Norra Karelen"
"Lieksa";"";"422";"Pohjois-Karjala";"Norra Karelen"
"Liperi";"";"426";"Pohjois-Karjala";"Norra Karelen"
"Nurmes";"";"541";"Pohjois-Karjala";"Norra Karelen"
"Outokumpu";"";"309";"Pohjois-Karjala";"Norra Karelen"
"Polvijärvi";"";"607";"Pohjois-Karjala";"Norra Karelen"
"Pyhäselkä";"";"632";"Pohjois-Karjala";"Norra Karelen"
"Rääkkylä";"";"707";"Pohjois-Karjala";"Norra Karelen"
"Tohmajärvi";"";"848";"Pohjois-Karjala";"Norra Karelen"
"Valtimo";"";"911";"Pohjois-Karjala";"Norra Karelen"
"Hankasalmi";"";"077";"Keski-Suomi";"Mellersta Finland"
"Joutsa";"";"172";"Keski-Suomi";"Mellersta Finland"
"Jyväskylä";"";"179";"Keski-Suomi";"Mellersta Finland"
"Jyväskylän mlk";"Jyväskylä lk";"180";"Keski-Suomi";"Mellersta Finland"
"Jämsä";"";"182";"Keski-Suomi";"Mellersta Finland"
"Jämsänkoski";"";"183";"Keski-Suomi";"Mellersta Finland"
"Kannonkoski";"";"216";"Keski-Suomi";"Mellersta Finland"
"Karstula";"";"226";"Keski-Suomi";"Mellersta Finland"
"Keuruu";"";"249";"Keski-Suomi";"Mellersta Finland"
"Kinnula";"";"256";"Keski-Suomi";"Mellersta Finland"
"Kivijärvi";"";"265";"Keski-Suomi";"Mellersta Finland"
"Konnevesi";"";"275";"Keski-Suomi";"Mellersta Finland"
"Korpilahti";"";"277";"Keski-Suomi";"Mellersta Finland"
"Kuhmoinen";"";"291";"Keski-Suomi";"Mellersta Finland"
"Kyyjärvi";"";"312";"Keski-Suomi";"Mellersta Finland"
"Laukaa";"";"410";"Keski-Suomi";"Mellersta Finland"
"Leivonmäki";"";"415";"Keski-Suomi";"Mellersta Finland"
"Luhanka";"";"435";"Keski-Suomi";"Mellersta Finland"
"Multia";"";"495";"Keski-Suomi";"Mellersta Finland"
"Muurame";"";"500";"Keski-Suomi";"Mellersta Finland"
"Petäjävesi";"";"592";"Keski-Suomi";"Mellersta Finland"
"Pihtipudas";"";"601";"Keski-Suomi";"Mellersta Finland"
"Pylkönmäki";"";"633";"Keski-Suomi";"Mellersta Finland"
"Saarijärvi";"";"729";"Keski-Suomi";"Mellersta Finland"
"Sumiainen";"";"770";"Keski-Suomi";"Mellersta Finland"
"Suolahti";"";"774";"Keski-Suomi";"Mellersta Finland"
"Toivakka";"";"850";"Keski-Suomi";"Mellersta Finland"
"Uurainen";"";"892";"Keski-Suomi";"Mellersta Finland"
"Viitasaari";"";"931";"Keski-Suomi";"Mellersta Finland"
"Äänekoski";"";"992";"Keski-Suomi";"Mellersta Finland"
"Alahärmä";"";"004";"Etelä-Pohjanmaa";"Södra Österbotten"
"Alajärvi";"";"005";"Etelä-Pohjanmaa";"Södra Österbotten"
"Alavus";"";"010";"Etelä-Pohjanmaa";"Södra Österbotten"
"Evijärvi";"";"052";"Etelä-Pohjanmaa";"Södra Österbotten"
"Ilmajoki";"";"145";"Etelä-Pohjanmaa";"Södra Österbotten"
"Isojoki";"Storå";"151";"Etelä-Pohjanmaa";"Södra Österbotten"
"Jalasjärvi";"";"164";"Etelä-Pohjanmaa";"Södra Österbotten"
"Jurva";"";"175";"Etelä-Pohjanmaa";"Södra Österbotten"
"Karijoki";"Bötom";"218";"Etelä-Pohjanmaa";"Södra Österbotten"
"Kauhajoki";"";"232";"Etelä-Pohjanmaa";"Södra Österbotten"
"Kauhava";"";"233";"Etelä-Pohjanmaa";"Södra Österbotten"
"Kortesjärvi";"";"281";"Etelä-Pohjanmaa";"Södra Österbotten"
"Kuortane";"";"300";"Etelä-Pohjanmaa";"Södra Österbotten"
"Kurikka";"";"301";"Etelä-Pohjanmaa";"Södra Österbotten"
"Lappajärvi";"";"403";"Etelä-Pohjanmaa";"Södra Österbotten"
"Lapua";"Lappo";"408";"Etelä-Pohjanmaa";"Södra Österbotten"
"Lehtimäki";"";"414";"Etelä-Pohjanmaa";"Södra Österbotten"
"Nurmo";"";"544";"Etelä-Pohjanmaa";"Södra Österbotten"
"Seinäjoki";"";"743";"Etelä-Pohjanmaa";"Södra Österbotten"
"Soini";"";"759";"Etelä-Pohjanmaa";"Södra Österbotten"
"Teuva";"Östermark";"846";"Etelä-Pohjanmaa";"Södra Österbotten"
"Töysä";"";"863";"Etelä-Pohjanmaa";"Södra Österbotten"
"Vimpeli";"";"934";"Etelä-Pohjanmaa";"Södra Österbotten"
"Ylihärmä";"";"971";"Etelä-Pohjanmaa";"Södra Österbotten"
"Ylistaro";"";"975";"Etelä-Pohjanmaa";"Södra Österbotten"
"Ähtäri";"Etseri";"989";"Etelä-Pohjanmaa";"Södra Österbotten"
"Isokyrö";"Storkyro";"152";"Pohjanmaa";"Österbotten"
"Kaskinen";"Kaskö";"231";"Pohjanmaa";"Österbotten"
"Korsnäs";"";"280";"Pohjanmaa";"Österbotten"
"Kristiinankaupunki";"Kristinestad";"287";"Pohjanmaa";"Österbotten"
"Kruunupyy";"Kronoby";"288";"Pohjanmaa";"Österbotten"
"Laihia";"Laihela";"399";"Pohjanmaa";"Österbotten"
"Luoto";"Larsmo";"440";"Pohjanmaa";"Österbotten"
"Maalahti";"Malax";"475";"Pohjanmaa";"Österbotten"
"Maksamaa";"Maxmo";"479";"Pohjanmaa";"Österbotten"
"Mustasaari";"Korsholm";"499";"Pohjanmaa";"Österbotten"
"Närpiö";"Närpes";"545";"Pohjanmaa";"Österbotten"
"Oravainen";"Oravais";"559";"Pohjanmaa";"Österbotten"
"Pedersören kunta";"Pedersöre";"599";"Pohjanmaa";"Österbotten"
"Pietarsaari";"Jakobstad";"598";"Pohjanmaa";"Österbotten"
"Uusikaarlepyy";"Nykarleby";"893";"Pohjanmaa";"Österbotten"
"Vaasa";"Vasa";"905";"Pohjanmaa";"Österbotten"
"Vähäkyrö";"Lillkyro";"942";"Pohjanmaa";"Österbotten"
"Vöyri";"Vörå";"944";"Pohjanmaa";"Österbotten"
"Halsua";"";"074";"Keski-Pohjanmaa";"Mellersta Österbotten"
"Himanka";"";"095";"Keski-Pohjanmaa";"Mellersta Österbotten"
"Kannus";"";"217";"Keski-Pohjanmaa";"Mellersta Österbotten"
"Kaustinen";"Kaustby";"236";"Keski-Pohjanmaa";"Mellersta Österbotten"
"Kokkola";"Karleby";"272";"Keski-Pohjanmaa";"Mellersta Österbotten"
"Kälviä";"Kelviå";"315";"Keski-Pohjanmaa";"Mellersta Österbotten"
"Lestijärvi";"";"421";"Keski-Pohjanmaa";"Mellersta Österbotten"
"Lohtaja";"Lochteå";"429";"Keski-Pohjanmaa";"Mellersta Österbotten"
"Perho";"";"584";"Keski-Pohjanmaa";"Mellersta Österbotten"
"Toholampi";"";"849";"Keski-Pohjanmaa";"Mellersta Österbotten"
"Ullava";"";"885";"Keski-Pohjanmaa";"Mellersta Österbotten"
"Veteli";"Vetil";"924";"Keski-Pohjanmaa";"Mellersta Österbotten"
"Alavieska";"";"009";"Pohjois-Pohjanmaa";"Norra Österbotten"
"Haapajärvi";"";"069";"Pohjois-Pohjanmaa";"Norra Österbotten"
"Haapavesi";"";"071";"Pohjois-Pohjanmaa";"Norra Österbotten"
"Hailuoto";"Karlö";"072";"Pohjois-Pohjanmaa";"Norra Österbotten"
"Haukipudas";"";"084";"Pohjois-Pohjanmaa";"Norra Österbotten"
"Ii";"";"139";"Pohjois-Pohjanmaa";"Norra Österbotten"
"Kalajoki";"";"208";"Pohjois-Pohjanmaa";"Norra Österbotten"
"Kempele";"";"244";"Pohjois-Pohjanmaa";"Norra Österbotten"
"Kestilä";"";"247";"Pohjois-Pohjanmaa";"Norra Österbotten"
"Kiiminki";"";"255";"Pohjois-Pohjanmaa";"Norra Österbotten"
"Kuivaniemi";"";"292";"Pohjois-Pohjanmaa";"Norra Österbotten"
"Kuusamo";"";"305";"Pohjois-Pohjanmaa";"Norra Österbotten"
"Kärsämäki";"";"317";"Pohjois-Pohjanmaa";"Norra Österbotten"
"Liminka";"Limingo";"425";"Pohjois-Pohjanmaa";"Norra Österbotten"
"Lumijoki";"";"436";"Pohjois-Pohjanmaa";"Norra Österbotten"
"Merijärvi";"";"483";"Pohjois-Pohjanmaa";"Norra Österbotten"
"Muhos";"";"494";"Pohjois-Pohjanmaa";"Norra Österbotten"
"Nivala";"";"535";"Pohjois-Pohjanmaa";"Norra Österbotten"
"Oulainen";"";"563";"Pohjois-Pohjanmaa";"Norra Österbotten"
"Oulu";"Uleåborg";"564";"Pohjois-Pohjanmaa";"Norra Österbotten"
"Oulunsalo";"";"567";"Pohjois-Pohjanmaa";"Norra Österbotten"
"Piippola";"";"603";"Pohjois-Pohjanmaa";"Norra Österbotten"
"Pudasjärvi";"";"615";"Pohjois-Pohjanmaa";"Norra Österbotten"
"Pulkkila";"";"617";"Pohjois-Pohjanmaa";"Norra Österbotten"
"Pyhäjoki";"";"625";"Pohjois-Pohjanmaa";"Norra Österbotten"
"Pyhäjärvi";"";"626";"Pohjois-Pohjanmaa";"Norra Österbotten"
"Pyhäntä";"";"630";"Pohjois-Pohjanmaa";"Norra Österbotten"
"Raahe";"Brahestad";"678";"Pohjois-Pohjanmaa";"Norra Österbotten"
"Rantsila";"";"682";"Pohjois-Pohjanmaa";"Norra Österbotten"
"Reisjärvi";"";"691";"Pohjois-Pohjanmaa";"Norra Österbotten"
"Ruukki";"";"708";"Pohjois-Pohjanmaa";"Norra Österbotten"
"Sievi";"";"746";"Pohjois-Pohjanmaa";"Norra Österbotten"
"Siikajoki";"";"748";"Pohjois-Pohjanmaa";"Norra Österbotten"
"Taivalkoski";"";"832";"Pohjois-Pohjanmaa";"Norra Österbotten"
"Tyrnävä";"";"859";"Pohjois-Pohjanmaa";"Norra Österbotten"
"Utajärvi";"";"889";"Pohjois-Pohjanmaa";"Norra Österbotten"
"Vihanti";"";"926";"Pohjois-Pohjanmaa";"Norra Österbotten"
"Yli-Ii";"";"972";"Pohjois-Pohjanmaa";"Norra Österbotten"
"Ylikiiminki";"";"973";"Pohjois-Pohjanmaa";"Norra Österbotten"
"Ylivieska";"";"977";"Pohjois-Pohjanmaa";"Norra Österbotten"
"Hyrynsalmi";"";"105";"Kainuu";"Kajanaland"
"Kajaani";"Kajana";"205";"Kainuu";"Kajanaland"
"Kuhmo";"";"290";"Kainuu";"Kajanaland"
"Paltamo";"";"578";"Kainuu";"Kajanaland"
"Puolanka";"";"620";"Kainuu";"Kajanaland"
"Ristijärvi";"";"697";"Kainuu";"Kajanaland"
"Sotkamo";"";"765";"Kainuu";"Kajanaland"
"Suomussalmi";"";"777";"Kainuu";"Kajanaland"
"Vaala";"";"785";"Kainuu";"Kajanaland"
"Vuolijoki";"";"940";"Kainuu";"Kajanaland"
"Enontekiö";"Enontekis";"047";"Lappi";"Lappland"
"Inari";"Enare";"148";"Lappi";"Lappland"
"Kemi";"";"240";"Lappi";"Lappland"
"Kemijärvi";"";"320";"Lappi";"Lappland"
"Keminmaa";"";"241";"Lappi";"Lappland"
"Kittilä";"";"261";"Lappi";"Lappland"
"Kolari";"";"273";"Lappi";"Lappland"
"Muonio";"";"498";"Lappi";"Lappland"
"Pelkosenniemi";"";"583";"Lappi";"Lappland"
"Pello";"";"854";"Lappi";"Lappland"
"Posio";"";"614";"Lappi";"Lappland"
"Ranua";"";"683";"Lappi";"Lappland"
"Rovaniemen mlk";"Rovaniemi lk";"699";"Lappi";"Lappland"
"Rovaniemi";"";"698";"Lappi";"Lappland"
"Salla";"";"732";"Lappi";"Lappland"
"Savukoski";"";"742";"Lappi";"Lappland"
"Simo";"";"751";"Lappi";"Lappland"
"Sodankylä";"";"758";"Lappi";"Lappland"
"Tervola";"";"845";"Lappi";"Lappland"
"Tornio";"Torneå";"851";"Lappi";"Lappland"
"Utsjoki";"";"890";"Lappi";"Lappland"
"Ylitornio";"Övertorneå";"976";"Lappi";"Lappland"
"Brändö";"Brändö";"035";"Ahvenanmaa";"Åland"
"Eckerö";"Eckerö";"043";"Ahvenanmaa";"Åland"
"Finström";"Finström";"060";"Ahvenanmaa";"Åland"
"Föglö";"Föglö";"062";"Ahvenanmaa";"Åland"
"Geta";"Geta";"065";"Ahvenanmaa";"Åland"
"Hammarland";"Hammarland";"076";"Ahvenanmaa";"Åland"
"Jomala";"Jomala";"170";"Ahvenanmaa";"Åland"
"Kumlinge";"Kumlinge";"295";"Ahvenanmaa";"Åland"
"Kökar";"Kökar";"318";"Ahvenanmaa";"Åland"
"Lemland";"Lemland";"417";"Ahvenanmaa";"Åland"
"Lumparland";"Lumparland";"438";"Ahvenanmaa";"Åland"
"Maarianhamina";"Mariehamn";"478";"Ahvenanmaa";"Åland"
"Saltvik";"Saltvik";"736";"Ahvenanmaa";"Åland"
"Sottunga";"Sottunga";"766";"Ahvenanmaa";"Åland"
"Sund";"Sund";"771";"Ahvenanmaa";"Åland"
"Vårdö";"Vårdö";"941";"Ahvenanmaa";"Åland"
